{
  "entries": [
    {
      "item": "mysticalagriculture:crafting|32",
      "emc": 80
    },
    {
      "item": "mysticalagriculture:crafting|5",
      "emc": 40
    },
    {
      "item": "mysticalagriculture:crafting|16",
      "emc": 120
    },
    {
      "item": "mysticalagriculture:crafting|22",
      "emc": 75
    },
    {
      "item": "fluxnetworks:flux|0",
      "emc": 67
    },
    {
      "item": "fluxnetworks:fluxplug|0",
      "emc": 1000
    },
    {
      "item": "fluxnetworks:fluxpoint|0",
      "emc": 1000
    },
    {
      "item": "thermalfoundation:material|135",
      "emc": 2134
    },
    {
      "item": "thermalfoundation:material|167",
      "emc": 3500
    },
    {
      "item": "thermalfoundation:material|136",
      "emc": 3238
    },
    {
      "item": "thermalfoundation:material|0",
      "emc": 156
    },
    {
      "item": "thermalfoundation:material|1",
      "emc": 1024
    },
    {
      "item": "bluepower:amethyst_gem|0",
      "emc": 432
    },
    {
      "item": "bluepower:teslatite_dust|0",
      "emc": 32
    },
    {
      "item": "bluepower:zinc_ingot|0",
      "emc": 1123
    },
    {
      "item": "kennycraft:carbonfiber|0",
      "emc": 1150
    },
    {
      "item": "kennycraft:carbonbar|0",
      "emc": 2000
    },
    {
      "item": "redstonearsenal:material|32",
      "emc": 4050
    },
    {
      "item": "improvedminecraft:crabgrassseeds|0",
      "emc": 6
    },
    {
      "item": "improvedminecraft:weeds|0",
      "emc": 1
    },
    {
      "item": "minecraft:blaze_powder|0",
      "emc": 1316
    },
    {
      "item": "kennycraft:firecrystal|0",
      "emc": 516
    },
    {
      "item": "kennycraft:chromium|0",
      "emc": 370
    },
    {
      "item": "kennycraft:tungsten|0",
      "emc": 370
    },
    {
      "item": "kennycraft:magicingot|0",
      "emc": 3190
    },
    {
      "item": "kennycraft:epicingot|0",
      "emc": 10000
    },
    {
      "item": "kennycraft:bossingot|0",
      "emc": 10000
    },
    {
      "item": "tconstruct:edible|1",
      "emc": 180
    },
    {
      "item": "oreberries:iron_oreberry|0",
      "emc": 170
    },
    {
      "item": "oreberries:gold_oreberry|0",
      "emc": 1100
    },
    {
      "item": "oreberries:copper_oreberry|0",
      "emc": 1300
    },
    {
      "item": "oreberries:tin_oreberry|0",
      "emc": 1350
    },
    {
      "item": "oreberries:aluminum_oreberry|0",
      "emc": 1536
    },
    {
      "item": "oreberries:essence_oreberry|0",
      "emc": 1785
    },
    {
      "item": "tconstruct:edible|3",
      "emc": 1080
    },
    {
      "item": "tconstruct:ingots|3",
      "emc": 1650
    },
    {
      "item": "evilcraft:dark_gem_crushed|0",
      "emc": 380
    },
    {
      "item": "evilcraft:dark_gem|0",
      "emc": 1800
    },
    {
      "item": "evilcraft:dark_power_gem|0",
      "emc": 2160
    },
    {
      "item": "aoa3:copper_coin|0",
      "emc": 180
    },
    {
      "item": "aoa3:silver_coin|0",
      "emc": 245
    },
    {
      "item": "aoa3:gold_coin|0",
      "emc": 467
    },
    {
      "item": "aoa3:lunaver_coin|0",
      "emc": 650
    },
    {
      "item": "aoa3:weak_essence|0",
      "emc": 1382
    },
    {
      "item": "twilightforest:hydra_chop|0",
      "emc": 1859
    },
    {
      "item": "xreliquary:mob_ingredient|3",
      "emc": 64
    },
    {
      "item": "tconstruct:ingots|5",
      "emc": 1600
    },
    {
      "item": "rftools:dimensional_shard|0",
      "emc": 2864
    },
    {
      "item": "improvedminecraft:crabgrassstrands|0",
      "emc": 34
    },
    {
      "item": "kennycraft:magicpowder|0",
      "emc": 1678
    },
    {
      "item": "appliedenergistics2:material|1",
      "emc": 2038
    },
    {
      "item": "appliedenergistics2:material|10",
      "emc": 3000
    },
    {
      "item": "appliedenergistics2:material|11",
      "emc": 2038
    },
    {
      "item": "appliedenergistics2:material|12",
      "emc": 4000
    },
    {
      "item": "appliedenergistics2:sky_stone_block|0",
      "emc": 800
    },
    {
      "item": "appliedenergistics2:smooth_sky_stone_block|0",
      "emc": 1200
    },
    {
      "item": "appliedenergistics2:material|23",
      "emc": 1600
    },
    {
      "item": "appliedenergistics2:material|16",
      "emc": 1237
    },
    {
      "item": "appliedenergistics2:material|17",
      "emc": 3400
    },
    {
      "item": "appliedenergistics2:material|24",
      "emc": 3650
    },
    {
      "item": "appliedenergistics2:material|20",
      "emc": 1600
    },
    {
      "item": "appliedenergistics2:material|22",
      "emc": 1800
    },
    {
      "item": "appliedenergistics2:material|18",
      "emc": 2014
    },
    {
      "item": "appliedenergistics2:material|45",
      "emc": 400
    },
    {
      "item": "thermalfoundation:material|770",
      "emc": 32
    },
    {
      "item": "enderio:item_material|20",
      "emc": 64
    },
    {
      "item": "appliedenergistics2:part|120",
      "emc": 64
    },
    {
      "item": "biomesoplenty:gem|7",
      "emc": 2300
    },
    {
      "item": "biomesoplenty:gem|4",
      "emc": 3200
    },
    {
      "item": "biomesoplenty:gem|3",
      "emc": 4100
    },
    {
      "item": "biomesoplenty:gem|5",
      "emc": 4345
    },
    {
      "item": "thermalfoundation:material|164",
      "emc": 647
    },
    {
      "item": "minecraft:glass_pane|0",
      "emc": 16
    },
    {
      "item": "enderstorage:ender_storage|1",
      "emc": 8150
    },
    {
      "item": "enderstorage:ender_storage|0",
      "emc": 8150
    },
    {
      "item": "minecraft:potion|0",
      "emc": 1
    },
    {
      "item": "minecraft:dragon_breath|0",
      "emc": 4600
    },
    {
      "item": "minecraft:stone_slab|0",
      "emc": 24
    },
    {
      "item": "matteroverdrive:tritanium_ingot|0",
      "emc": 2034
    },
    {
      "item": "matteroverdrive:dilithium_crystal|0",
      "emc": 2480
    },
    {
      "item": "enderio:item_material|38",
      "emc": 34
    },
    {
      "item": "thermalfoundation:material|866",
      "emc": 38
    },
    {
      "item": "matteroverdrive:romulan_ale|0",
      "emc": 138
    },
    {
      "item": "matteroverdrive:earl_gray_tea|0",
      "emc": 138
    },
    {
      "item": "immersiveengineering:metal|6",
      "emc": 483
    },
    {
      "item": "immersiveengineering:metal|8",
      "emc": 500
    },
    {
      "item": "twilightforest:ironwood_ingot|0",
      "emc": 325
    },
    {
      "item": "twilightforest:knightmetal_ingot|0",
      "emc": 325
    },
    {
      "item": "twilightforest:steeleaf_ingot|0",
      "emc": 225
    },
    {
      "item": "twilightforest:carminite|0",
      "emc": 40
    },
    {
      "item": "appliedenergistics2:material|4",
      "emc": 48
    },
    {
      "item": "enderstorage:ender_pouch|0",
      "emc": 6464
    },
    {
      "item": "appliedenergistics2:material|46",
      "emc": 524
    },
    {
      "item": "appliedenergistics2:material|49",
      "emc": 156
    },
    {
      "item": "appliedenergistics2:material|51",
      "emc": 1022
    },
    {
      "item": "enderio:item_alloy_ingot|9",
      "emc": 1150
    },
    {
      "item": "enderio:item_alloy_ingot|8",
      "emc": 564
    },
    {
      "item": "twilightforest:arctic_fur|0",
      "emc": 180
    },
    {
      "item": "twilightforest:alpha_fur|0",
      "emc": 290
    },
    {
      "item": "twilightforest:torchberries|0",
      "emc": 165
    }
  ]
}